draw_date,draw_date_text,year_be,first_prize,first_prize_digits,last3_numbers,last2_number,near_first_prize,special_first_prize_raw,prize2_numbers,prize3_numbers,prize4_numbers,prize5_numbers,has_detail_section,source_url,source_file
1996-12-30,ผลสลากกินแบ่งรัฐบาล งวดวันที่ 30 ธันวาคม 2539,2539,879454,6,158|314|584|879,26,,,,,,,False,https://myhora.com/lottery/result-30-12-2539.aspx,1996-12-30-BE2539.html
1996-12-16,ผลสลากกินแบ่งรัฐบาล งวดวันที่ 16 ธันวาคม 2539,2539,593856,6,381|438|608|755,44,,,,,,,False,https://myhora.com/lottery/result-16-12-2539.aspx,1996-12-16-BE2539.html
1996-12-01,ผลสลากกินแบ่งรัฐบาล งวดวันที่ 1 ธันวาคม 2539,2539,179528,6,365|566|822|920,66,,,,,,,False,https://myhora.com/lottery/result-01-12-2539.aspx,1996-12-01-BE2539.html
1996-11-16,ผลสลากกินแบ่งรัฐบาล งวดวันที่ 16 พฤศจิกายน 2539,2539,951088,6,168|349|577|580,21,,,,,,,False,https://myhora.com/lottery/result-16-11-2539.aspx,1996-11-16-BE2539.html
1996-11-01,ผลสลากกินแบ่งรัฐบาล งวดวันที่ 1 พฤศจิกายน 2539,2539,512694,6,255|290|432|964,24,,,,,,,False,https://myhora.com/lottery/result-01-11-2539.aspx,1996-11-01-BE2539.html
1996-10-16,ผลสลากกินแบ่งรัฐบาล งวดวันที่ 16 ตุลาคม 2539,2539,198019,6,082|270|824|865,18,,,,,,,False,https://myhora.com/lottery/result-16-10-2539.aspx,1996-10-16-BE2539.html
1996-10-01,ผลสลากกินแบ่งรัฐบาล งวดวันที่ 1 ตุลาคม 2539,2539,947788,6,089|166|484|544,97,,,,,,,False,https://myhora.com/lottery/result-01-10-2539.aspx,1996-10-01-BE2539.html
1996-09-16,ผลสลากกินแบ่งรัฐบาล งวดวันที่ 16 กันยายน 2539,2539,814368,6,400|818|889|976,59,,,,,,,False,https://myhora.com/lottery/result-16-09-2539.aspx,1996-09-16-BE2539.html
1996-09-01,ผลสลากกินแบ่งรัฐบาล งวดวันที่ 1 กันยายน 2539,2539,470136,6,392|501|666|927,02,,,,,,,False,https://myhora.com/lottery/result-01-09-2539.aspx,1996-09-01-BE2539.html
1996-08-16,ผลสลากกินแบ่งรัฐบาล งวดวันที่ 16 สิงหาคม 2539,2539,352768,6,389|609|875|932,19,,,,,,,False,https://myhora.com/lottery/result-16-08-2539.aspx,1996-08-16-BE2539.html
1996-08-01,ผลสลากกินแบ่งรัฐบาล งวดวันที่ 1 สิงหาคม 2539,2539,151091,6,646|650|669|833,61,,,,,,,False,https://myhora.com/lottery/result-01-08-2539.aspx,1996-08-01-BE2539.html
1996-07-16,ผลสลากกินแบ่งรัฐบาล งวดวันที่ 16 กรกฎาคม 2539,2539,332687,6,010|281|547|771,91,,,,,,,False,https://myhora.com/lottery/result-16-07-2539.aspx,1996-07-16-BE2539.html
1996-07-01,ผลสลากกินแบ่งรัฐบาล งวดวันที่ 1 กรกฎาคม 2539,2539,625379,6,094|298|543|666,76,,,,,,,False,https://myhora.com/lottery/result-01-07-2539.aspx,1996-07-01-BE2539.html
1996-06-16,ผลสลากกินแบ่งรัฐบาล งวดวันที่ 16 มิถุนายน 2539,2539,318311,6,118|649|735|916,21,,,,,,,False,https://myhora.com/lottery/result-16-06-2539.aspx,1996-06-16-BE2539.html
1996-06-01,ผลสลากกินแบ่งรัฐบาล งวดวันที่ 1 มิถุนายน 2539,2539,869656,6,126|422|584|961,81,,,,,,,False,https://myhora.com/lottery/result-01-06-2539.aspx,1996-06-01-BE2539.html
1996-05-17,ผลสลากกินแบ่งรัฐบาล งวดวันที่ 17 พฤษภาคม 2539,2539,978140,6,321|443|523|718,75,,,,,,,False,https://myhora.com/lottery/result-17-05-2539.aspx,1996-05-17-BE2539.html
1996-05-02,ผลสลากกินแบ่งรัฐบาล งวดวันที่ 2 พฤษภาคม 2539,2539,247351,6,175|234|661|978,54,,,,,,,False,https://myhora.com/lottery/result-02-05-2539.aspx,1996-05-02-BE2539.html
1996-04-16,ผลสลากกินแบ่งรัฐบาล งวดวันที่ 16 เมษายน 2539,2539,049584,6,052|155|222|435,77,,,,,,,False,https://myhora.com/lottery/result-16-04-2539.aspx,1996-04-16-BE2539.html
1996-04-01,ผลสลากกินแบ่งรัฐบาล งวดวันที่ 1 เมษายน 2539,2539,660765,6,278|338|701|839,90,,,,,,,False,https://myhora.com/lottery/result-01-04-2539.aspx,1996-04-01-BE2539.html
1996-03-16,ผลสลากกินแบ่งรัฐบาล งวดวันที่ 16 มีนาคม 2539,2539,019128,6,526|673|694|796,27,,,,,,,False,https://myhora.com/lottery/result-16-03-2539.aspx,1996-03-16-BE2539.html
1996-03-01,ผลสลากกินแบ่งรัฐบาล งวดวันที่ 1 มีนาคม 2539,2539,304855,6,443|664|760|945,72,,,,,,,False,https://myhora.com/lottery/result-01-03-2539.aspx,1996-03-01-BE2539.html
1996-02-16,ผลสลากกินแบ่งรัฐบาล งวดวันที่ 16 กุมภาพันธ์ 2539,2539,681455,6,428|664|779|977,49,,,,,,,False,https://myhora.com/lottery/result-16-02-2539.aspx,1996-02-16-BE2539.html
1996-02-01,ผลสลากกินแบ่งรัฐบาล งวดวันที่ 1 กุมภาพันธ์ 2539,2539,256556,6,549|705|906|994,26,,,,,,,False,https://myhora.com/lottery/result-01-02-2539.aspx,1996-02-01-BE2539.html
1996-01-16,ผลสลากกินแบ่งรัฐบาล งวดวันที่ 16 มกราคม 2539,2539,318302,6,444|661|882|971,21,,,,,,,False,https://myhora.com/lottery/result-16-01-2539.aspx,1996-01-16-BE2539.html
1995-12-30,ผลสลากกินแบ่งรัฐบาล งวดวันที่ 30 ธันวาคม 2538,2538,327686,6,145|456|748|928,04,,,,,,,False,https://myhora.com/lottery/result-30-12-2538.aspx,1995-12-30-BE2538.html
1995-12-16,ผลสลากกินแบ่งรัฐบาล งวดวันที่ 16 ธันวาคม 2538,2538,952808,6,064|540|639|732,68,,,,,,,False,https://myhora.com/lottery/result-16-12-2538.aspx,1995-12-16-BE2538.html
1995-12-01,ผลสลากกินแบ่งรัฐบาล งวดวันที่ 1 ธันวาคม 2538,2538,714426,6,073|387|427|516,74,,,,,,,False,https://myhora.com/lottery/result-01-12-2538.aspx,1995-12-01-BE2538.html
1995-11-16,ผลสลากกินแบ่งรัฐบาล งวดวันที่ 16 พฤศจิกายน 2538,2538,239422,6,078|756|776|883,85,,,,,,,False,https://myhora.com/lottery/result-16-11-2538.aspx,1995-11-16-BE2538.html
1995-11-01,ผลสลากกินแบ่งรัฐบาล งวดวันที่ 1 พฤศจิกายน 2538,2538,282069,6,194|393|564|962,07,,,,,,,False,https://myhora.com/lottery/result-01-11-2538.aspx,1995-11-01-BE2538.html
1995-10-16,ผลสลากกินแบ่งรัฐบาล งวดวันที่ 16 ตุลาคม 2538,2538,322154,6,192|233|716|924,86,,,,,,,False,https://myhora.com/lottery/result-16-10-2538.aspx,1995-10-16-BE2538.html
1995-10-01,ผลสลากกินแบ่งรัฐบาล งวดวันที่ 1 ตุลาคม 2538,2538,317092,6,088|139|296|819,76,,,,,,,False,https://myhora.com/lottery/result-01-10-2538.aspx,1995-10-01-BE2538.html
1995-09-16,ผลสลากกินแบ่งรัฐบาล งวดวันที่ 16 กันยายน 2538,2538,876454,6,297|558|582|802,51,,,,,,,False,https://myhora.com/lottery/result-16-09-2538.aspx,1995-09-16-BE2538.html
1995-09-01,ผลสลากกินแบ่งรัฐบาล งวดวันที่ 1 กันยายน 2538,2538,620837,6,255|644|693|872,83,,,,,,,False,https://myhora.com/lottery/result-01-09-2538.aspx,1995-09-01-BE2538.html
1995-08-16,ผลสลากกินแบ่งรัฐบาล งวดวันที่ 16 สิงหาคม 2538,2538,265333,6,235|342|455|618,51,,,,,,,False,https://myhora.com/lottery/result-16-08-2538.aspx,1995-08-16-BE2538.html
1995-08-01,ผลสลากกินแบ่งรัฐบาล งวดวันที่ 1 สิงหาคม 2538,2538,464819,6,070|274|293|669,59,,,,,,,False,https://myhora.com/lottery/result-01-08-2538.aspx,1995-08-01-BE2538.html
1995-07-16,ผลสลากกินแบ่งรัฐบาล งวดวันที่ 16 กรกฎาคม 2538,2538,248122,6,085|303|571|758,96,,,,,,,False,https://myhora.com/lottery/result-16-07-2538.aspx,1995-07-16-BE2538.html
1995-07-01,ผลสลากกินแบ่งรัฐบาล งวดวันที่ 1 กรกฎาคม 2538,2538,939901,6,428|667|879|940,19,,,,,,,False,https://myhora.com/lottery/result-01-07-2538.aspx,1995-07-01-BE2538.html
1995-06-16,ผลสลากกินแบ่งรัฐบาล งวดวันที่ 16 มิถุนายน 2538,2538,046698,6,393|507|678|785,82,,,,,,,False,https://myhora.com/lottery/result-16-06-2538.aspx,1995-06-16-BE2538.html
1995-06-01,ผลสลากกินแบ่งรัฐบาล งวดวันที่ 1 มิถุนายน 2538,2538,105615,6,168|374|688|735,17,,,,,,,False,https://myhora.com/lottery/result-01-06-2538.aspx,1995-06-01-BE2538.html
1995-05-17,ผลสลากกินแบ่งรัฐบาล งวดวันที่ 17 พฤษภาคม 2538,2538,220381,6,460|488|511|597,55,,,,,,,False,https://myhora.com/lottery/result-17-05-2538.aspx,1995-05-17-BE2538.html
1995-05-02,ผลสลากกินแบ่งรัฐบาล งวดวันที่ 2 พฤษภาคม 2538,2538,504692,6,268|273|304|886,88,,,,,,,False,https://myhora.com/lottery/result-02-05-2538.aspx,1995-05-02-BE2538.html
1995-04-16,ผลสลากกินแบ่งรัฐบาล งวดวันที่ 16 เมษายน 2538,2538,053581,6,376|560|681|968,99,,,,,,,False,https://myhora.com/lottery/result-16-04-2538.aspx,1995-04-16-BE2538.html
1995-04-01,ผลสลากกินแบ่งรัฐบาล งวดวันที่ 1 เมษายน 2538,2538,427039,6,254|674|926|978,06,,,,,,,False,https://myhora.com/lottery/result-01-04-2538.aspx,1995-04-01-BE2538.html
1995-03-16,ผลสลากกินแบ่งรัฐบาล งวดวันที่ 16 มีนาคม 2538,2538,646847,6,044|091|220|225,67,,,,,,,False,https://myhora.com/lottery/result-16-03-2538.aspx,1995-03-16-BE2538.html
1995-03-01,ผลสลากกินแบ่งรัฐบาล งวดวันที่ 1 มีนาคม 2538,2538,411454,6,019|022|034|152,71,,,,,,,False,https://myhora.com/lottery/result-01-03-2538.aspx,1995-03-01-BE2538.html
1995-02-16,ผลสลากกินแบ่งรัฐบาล งวดวันที่ 16 กุมภาพันธ์ 2538,2538,869070,6,126|462|597|828,95,,,,,,,False,https://myhora.com/lottery/result-16-02-2538.aspx,1995-02-16-BE2538.html
1995-02-01,ผลสลากกินแบ่งรัฐบาล งวดวันที่ 1 กุมภาพันธ์ 2538,2538,198162,6,087|195|574|805,48,,,,,,,False,https://myhora.com/lottery/result-01-02-2538.aspx,1995-02-01-BE2538.html
1995-01-16,ผลสลากกินแบ่งรัฐบาล งวดวันที่ 16 มกราคม 2538,2538,922388,6,002|186|253|667,40,,,,,,,False,https://myhora.com/lottery/result-16-01-2538.aspx,1995-01-16-BE2538.html
1994-12-30,ผลสลากกินแบ่งรัฐบาล งวดวันที่ 30 ธันวาคม 2537,2537,6284069,7,339|713|744|798,90,,,,,,,False,https://myhora.com/lottery/result-30-12-2537.aspx,1994-12-30-BE2537.html
1994-12-16,ผลสลากกินแบ่งรัฐบาล งวดวันที่ 16 ธันวาคม 2537,2537,5100040,7,129|544|654|766,50,,,,,,,False,https://myhora.com/lottery/result-16-12-2537.aspx,1994-12-16-BE2537.html
1994-12-01,ผลสลากกินแบ่งรัฐบาล งวดวันที่ 1 ธันวาคม 2537,2537,6832681,7,043|342|448|923,02,,,,,,,False,https://myhora.com/lottery/result-01-12-2537.aspx,1994-12-01-BE2537.html
1994-11-16,ผลสลากกินแบ่งรัฐบาล งวดวันที่ 16 พฤศจิกายน 2537,2537,6095849,7,225|504|816|902,82,,,,,,,False,https://myhora.com/lottery/result-16-11-2537.aspx,1994-11-16-BE2537.html
1994-11-01,ผลสลากกินแบ่งรัฐบาล งวดวันที่ 1 พฤศจิกายน 2537,2537,1676779,7,096|110|365|840,76,,,,,,,False,https://myhora.com/lottery/result-01-11-2537.aspx,1994-11-01-BE2537.html
1994-10-16,ผลสลากกินแบ่งรัฐบาล งวดวันที่ 16 ตุลาคม 2537,2537,7583048,7,024|165|294|428,79,,,,,,,False,https://myhora.com/lottery/result-16-10-2537.aspx,1994-10-16-BE2537.html
1994-10-01,ผลสลากกินแบ่งรัฐบาล งวดวันที่ 1 ตุลาคม 2537,2537,7128442,7,229|243|251|623,23,,,,,,,False,https://myhora.com/lottery/result-01-10-2537.aspx,1994-10-01-BE2537.html
1994-09-16,ผลสลากกินแบ่งรัฐบาล งวดวันที่ 16 กันยายน 2537,2537,4781931,7,046|164|255|886,88,,,,,,,False,https://myhora.com/lottery/result-16-09-2537.aspx,1994-09-16-BE2537.html
1994-09-01,ผลสลากกินแบ่งรัฐบาล งวดวันที่ 1 กันยายน 2537,2537,6220893,7,701|718|891|949,67,,,,,,,False,https://myhora.com/lottery/result-01-09-2537.aspx,1994-09-01-BE2537.html
1994-08-16,ผลสลากกินแบ่งรัฐบาล งวดวันที่ 16 สิงหาคม 2537,2537,6504760,7,303|677|724|897,28,,,,,,,False,https://myhora.com/lottery/result-16-08-2537.aspx,1994-08-16-BE2537.html
1994-08-01,ผลสลากกินแบ่งรัฐบาล งวดวันที่ 1 สิงหาคม 2537,2537,3114057,7,026|149|396|758,85,,,,,,,False,https://myhora.com/lottery/result-01-08-2537.aspx,1994-08-01-BE2537.html
1994-07-16,ผลสลากกินแบ่งรัฐบาล งวดวันที่ 16 กรกฎาคม 2537,2537,5962891,7,424|622|628|686,74,,,,,,,False,https://myhora.com/lottery/result-16-07-2537.aspx,1994-07-16-BE2537.html
1994-07-01,ผลสลากกินแบ่งรัฐบาล งวดวันที่ 1 กรกฎาคม 2537,2537,6568267,7,372|445|868|902,39,,,,,,,False,https://myhora.com/lottery/result-01-07-2537.aspx,1994-07-01-BE2537.html
1994-06-16,ผลสลากกินแบ่งรัฐบาล งวดวันที่ 16 มิถุนายน 2537,2537,1947355,7,302|524|583|669,53,,,,,,,False,https://myhora.com/lottery/result-16-06-2537.aspx,1994-06-16-BE2537.html
1994-06-01,ผลสลากกินแบ่งรัฐบาล งวดวันที่ 1 มิถุนายน 2537,2537,3560804,7,164|474|564|989,17,,,,,,,False,https://myhora.com/lottery/result-01-06-2537.aspx,1994-06-01-BE2537.html
1994-05-16,ผลสลากกินแบ่งรัฐบาล งวดวันที่ 16 พฤษภาคม 2537,2537,2071764,7,093|535|544|746,29,,,,,,,False,https://myhora.com/lottery/result-16-05-2537.aspx,1994-05-16-BE2537.html
1994-05-02,ผลสลากกินแบ่งรัฐบาล งวดวันที่ 2 พฤษภาคม 2537,2537,3072877,7,170|317|521|535,69,,,,,,,False,https://myhora.com/lottery/result-02-05-2537.aspx,1994-05-02-BE2537.html
1994-04-16,ผลสลากกินแบ่งรัฐบาล งวดวันที่ 16 เมษายน 2537,2537,7893913,7,151|594|785|982,21,,,,,,,False,https://myhora.com/lottery/result-16-04-2537.aspx,1994-04-16-BE2537.html
1994-04-01,ผลสลากกินแบ่งรัฐบาล งวดวันที่ 1 เมษายน 2537,2537,4269815,7,035|675|704|868,29,,,,,,,False,https://myhora.com/lottery/result-01-04-2537.aspx,1994-04-01-BE2537.html
1994-03-16,ผลสลากกินแบ่งรัฐบาล งวดวันที่ 16 มีนาคม 2537,2537,1723336,7,166|185|382|515,19,,,,,,,False,https://myhora.com/lottery/result-16-03-2537.aspx,1994-03-16-BE2537.html
1994-03-01,ผลสลากกินแบ่งรัฐบาล งวดวันที่ 1 มีนาคม 2537,2537,3373731,7,008|082|631|820,41,,,,,,,False,https://myhora.com/lottery/result-01-03-2537.aspx,1994-03-01-BE2537.html
1994-02-16,ผลสลากกินแบ่งรัฐบาล งวดวันที่ 16 กุมภาพันธ์ 2537,2537,7679044,7,486|520|753|943,76,,,,,,,False,https://myhora.com/lottery/result-16-02-2537.aspx,1994-02-16-BE2537.html
1994-02-01,ผลสลากกินแบ่งรัฐบาล งวดวันที่ 1 กุมภาพันธ์ 2537,2537,5984685,7,173|268|396|746,05,,,,,,,False,https://myhora.com/lottery/result-01-02-2537.aspx,1994-02-01-BE2537.html
1994-01-16,ผลสลากกินแบ่งรัฐบาล งวดวันที่ 16 มกราคม 2537,2537,4791270,7,237|708|845|873,23,,,,,,,False,https://myhora.com/lottery/result-16-01-2537.aspx,1994-01-16-BE2537.html
1993-12-30,ผลสลากกินแบ่งรัฐบาล งวดวันที่ 30 ธันวาคม 2536,2536,2669189,7,037|069|874|902,72,,,,,,,False,https://myhora.com/lottery/result-30-12-2536.aspx,1993-12-30-BE2536.html
1993-12-16,ผลสลากกินแบ่งรัฐบาล งวดวันที่ 16 ธันวาคม 2536,2536,4043500,7,156|253|478|646,69,,,,,,,False,https://myhora.com/lottery/result-16-12-2536.aspx,1993-12-16-BE2536.html
1993-12-01,ผลสลากกินแบ่งรัฐบาล งวดวันที่ 1 ธันวาคม 2536,2536,3670638,7,139|294|608|959,98,,,,,,,False,https://myhora.com/lottery/result-01-12-2536.aspx,1993-12-01-BE2536.html
1993-11-16,ผลสลากกินแบ่งรัฐบาล งวดวันที่ 16 พฤศจิกายน 2536,2536,7515123,7,112|184|410|507,82,,,,,,,False,https://myhora.com/lottery/result-16-11-2536.aspx,1993-11-16-BE2536.html
1993-11-01,ผลสลากกินแบ่งรัฐบาล งวดวันที่ 1 พฤศจิกายน 2536,2536,3908940,7,103|626|701|895,94,,,,,,,False,https://myhora.com/lottery/result-01-11-2536.aspx,1993-11-01-BE2536.html
1993-10-16,ผลสลากกินแบ่งรัฐบาล งวดวันที่ 16 ตุลาคม 2536,2536,7611764,7,216|254|566|684,58,,,,,,,False,https://myhora.com/lottery/result-16-10-2536.aspx,1993-10-16-BE2536.html
1993-10-01,ผลสลากกินแบ่งรัฐบาล งวดวันที่ 1 ตุลาคม 2536,2536,3415973,7,401|489|682|928,26,,,,,,,False,https://myhora.com/lottery/result-01-10-2536.aspx,1993-10-01-BE2536.html
1993-09-16,ผลสลากกินแบ่งรัฐบาล งวดวันที่ 16 กันยายน 2536,2536,4286755,7,296|504|890|963,11,,,,,,,False,https://myhora.com/lottery/result-16-09-2536.aspx,1993-09-16-BE2536.html
1993-09-01,ผลสลากกินแบ่งรัฐบาล งวดวันที่ 1 กันยายน 2536,2536,2812096,7,181|218|227|738,00,,,,,,,False,https://myhora.com/lottery/result-01-09-2536.aspx,1993-09-01-BE2536.html
1993-08-16,ผลสลากกินแบ่งรัฐบาล งวดวันที่ 16 สิงหาคม 2536,2536,4088644,7,030|033|200|260,86,,,,,,,False,https://myhora.com/lottery/result-16-08-2536.aspx,1993-08-16-BE2536.html
1993-08-01,ผลสลากกินแบ่งรัฐบาล งวดวันที่ 1 สิงหาคม 2536,2536,4137744,7,273|446|778|905,06,,,,,,,False,https://myhora.com/lottery/result-01-08-2536.aspx,1993-08-01-BE2536.html
1993-07-16,ผลสลากกินแบ่งรัฐบาล งวดวันที่ 16 กรกฎาคม 2536,2536,5686061,7,702|818|865|873,21,,,,,,,False,https://myhora.com/lottery/result-16-07-2536.aspx,1993-07-16-BE2536.html
1993-07-01,ผลสลากกินแบ่งรัฐบาล งวดวันที่ 1 กรกฎาคม 2536,2536,3820203,7,189|206|213|729,29,,,,,,,False,https://myhora.com/lottery/result-01-07-2536.aspx,1993-07-01-BE2536.html
1993-06-16,ผลสลากกินแบ่งรัฐบาล งวดวันที่ 16 มิถุนายน 2536,2536,2119871,7,146|223|955|961,39,,,,,,,False,https://myhora.com/lottery/result-16-06-2536.aspx,1993-06-16-BE2536.html
1993-06-01,ผลสลากกินแบ่งรัฐบาล งวดวันที่ 1 มิถุนายน 2536,2536,3488477,7,011|645|813|815,61,,,,,,,False,https://myhora.com/lottery/result-01-06-2536.aspx,1993-06-01-BE2536.html
1993-05-16,ผลสลากกินแบ่งรัฐบาล งวดวันที่ 16 พฤษภาคม 2536,2536,1633983,7,109|606|740|812,53,,,,,,,False,https://myhora.com/lottery/result-16-05-2536.aspx,1993-05-16-BE2536.html
1993-05-02,ผลสลากกินแบ่งรัฐบาล งวดวันที่ 2 พฤษภาคม 2536,2536,7749508,7,532|661|783|916,99,,,,,,,False,https://myhora.com/lottery/result-02-05-2536.aspx,1993-05-02-BE2536.html
1993-04-16,ผลสลากกินแบ่งรัฐบาล งวดวันที่ 16 เมษายน 2536,2536,5632018,7,200|265|970|995,09,,,,,,,False,https://myhora.com/lottery/result-16-04-2536.aspx,1993-04-16-BE2536.html
1993-04-01,ผลสลากกินแบ่งรัฐบาล งวดวันที่ 1 เมษายน 2536,2536,5825558,7,060|217|255|859,89,,,,,,,False,https://myhora.com/lottery/result-01-04-2536.aspx,1993-04-01-BE2536.html
1993-03-16,ผลสลากกินแบ่งรัฐบาล งวดวันที่ 16 มีนาคม 2536,2536,7680699,7,509|547|554|731,98,,,,,,,False,https://myhora.com/lottery/result-16-03-2536.aspx,1993-03-16-BE2536.html
1993-03-01,ผลสลากกินแบ่งรัฐบาล งวดวันที่ 1 มีนาคม 2536,2536,4006281,7,065|449|492|968,19,,,,,,,False,https://myhora.com/lottery/result-01-03-2536.aspx,1993-03-01-BE2536.html
1993-02-16,ผลสลากกินแบ่งรัฐบาล งวดวันที่ 16 กุมภาพันธ์ 2536,2536,7549455,7,031|034|165|850,41,,,,,,,False,https://myhora.com/lottery/result-16-02-2536.aspx,1993-02-16-BE2536.html
1993-02-01,ผลสลากกินแบ่งรัฐบาล งวดวันที่ 1 กุมภาพันธ์ 2536,2536,7459337,7,171|507|767|986,21,,,,,,,False,https://myhora.com/lottery/result-01-02-2536.aspx,1993-02-01-BE2536.html
1993-01-16,ผลสลากกินแบ่งรัฐบาล งวดวันที่ 16 มกราคม 2536,2536,5423816,7,335|419|620|947,25,,,,,,,False,https://myhora.com/lottery/result-16-01-2536.aspx,1993-01-16-BE2536.html
1992-12-30,ผลสลากกินแบ่งรัฐบาล งวดวันที่ 30 ธันวาคม 2535,2535,6662150,7,510|563|795|810,23,,,,,,,False,https://myhora.com/lottery/result-30-12-2535.aspx,1992-12-30-BE2535.html
1992-12-16,ผลสลากกินแบ่งรัฐบาล งวดวันที่ 16 ธันวาคม 2535,2535,4826531,7,383|601|851|945,92,,,,,,,False,https://myhora.com/lottery/result-16-12-2535.aspx,1992-12-16-BE2535.html
1992-12-01,ผลสลากกินแบ่งรัฐบาล งวดวันที่ 1 ธันวาคม 2535,2535,7120927,7,019|063|153|406,65,,,,,,,False,https://myhora.com/lottery/result-01-12-2535.aspx,1992-12-01-BE2535.html
1992-11-16,ผลสลากกินแบ่งรัฐบาล งวดวันที่ 16 พฤศจิกายน 2535,2535,3685682,7,049|223|295|632,45,,,,,,,False,https://myhora.com/lottery/result-16-11-2535.aspx,1992-11-16-BE2535.html
1992-11-01,ผลสลากกินแบ่งรัฐบาล งวดวันที่ 1 พฤศจิกายน 2535,2535,6267821,7,046|263|789|879,35,,,,,,,False,https://myhora.com/lottery/result-01-11-2535.aspx,1992-11-01-BE2535.html
1992-10-16,ผลสลากกินแบ่งรัฐบาล งวดวันที่ 16 ตุลาคม 2535,2535,3576993,7,037|312|412|964,79,,,,,,,False,https://myhora.com/lottery/result-16-10-2535.aspx,1992-10-16-BE2535.html
1992-10-01,ผลสลากกินแบ่งรัฐบาล งวดวันที่ 1 ตุลาคม 2535,2535,6379578,7,300|654|752|765,71,,,,,,,False,https://myhora.com/lottery/result-01-10-2535.aspx,1992-10-01-BE2535.html
1992-09-16,ผลสลากกินแบ่งรัฐบาล งวดวันที่ 16 กันยายน 2535,2535,6874108,7,030|127|221|623,88,,,,,,,False,https://myhora.com/lottery/result-16-09-2535.aspx,1992-09-16-BE2535.html
1992-09-01,ผลสลากกินแบ่งรัฐบาล งวดวันที่ 1 กันยายน 2535,2535,1446615,7,056|060|125|307,68,,,,,,,False,https://myhora.com/lottery/result-01-09-2535.aspx,1992-09-01-BE2535.html
1992-08-16,ผลสลากกินแบ่งรัฐบาล งวดวันที่ 16 สิงหาคม 2535,2535,6234607,7,151|251|422|978,91,,,,,,,False,https://myhora.com/lottery/result-16-08-2535.aspx,1992-08-16-BE2535.html
1992-08-01,ผลสลากกินแบ่งรัฐบาล งวดวันที่ 1 สิงหาคม 2535,2535,6697778,7,575|593|712|935,86,,,,,,,False,https://myhora.com/lottery/result-01-08-2535.aspx,1992-08-01-BE2535.html
1992-07-16,ผลสลากกินแบ่งรัฐบาล งวดวันที่ 16 กรกฎาคม 2535,2535,7954430,7,324|339|492|756,87,,,,,,,False,https://myhora.com/lottery/result-16-07-2535.aspx,1992-07-16-BE2535.html
1992-07-01,ผลสลากกินแบ่งรัฐบาล งวดวันที่ 1 กรกฎาคม 2535,2535,5119968,7,561|702|813|999,56,,,,,,,False,https://myhora.com/lottery/result-01-07-2535.aspx,1992-07-01-BE2535.html
1992-06-16,ผลสลากกินแบ่งรัฐบาล งวดวันที่ 16 มิถุนายน 2535,2535,5569432,7,221|392|880|914,92,,,,,,,False,https://myhora.com/lottery/result-16-06-2535.aspx,1992-06-16-BE2535.html
1992-06-01,ผลสลากกินแบ่งรัฐบาล งวดวันที่ 1 มิถุนายน 2535,2535,5184191,7,169|245|351|729,29,,,,,,,False,https://myhora.com/lottery/result-01-06-2535.aspx,1992-06-01-BE2535.html
1992-05-16,ผลสลากกินแบ่งรัฐบาล งวดวันที่ 16 พฤษภาคม 2535,2535,2827496,7,246|333|738|890,59,,,,,,,False,https://myhora.com/lottery/result-16-05-2535.aspx,1992-05-16-BE2535.html
1992-05-02,ผลสลากกินแบ่งรัฐบาล งวดวันที่ 2 พฤษภาคม 2535,2535,5765397,7,079|104|444|732,86,,,,,,,False,https://myhora.com/lottery/result-02-05-2535.aspx,1992-05-02-BE2535.html
1992-04-16,ผลสลากกินแบ่งรัฐบาล งวดวันที่ 16 เมษายน 2535,2535,2699374,7,139|325|662|836,10,,,,,,,False,https://myhora.com/lottery/result-16-04-2535.aspx,1992-04-16-BE2535.html
1992-04-01,ผลสลากกินแบ่งรัฐบาล งวดวันที่ 1 เมษายน 2535,2535,2244704,7,013|242|624|863,03,,,,,,,False,https://myhora.com/lottery/result-01-04-2535.aspx,1992-04-01-BE2535.html
1992-03-16,ผลสลากกินแบ่งรัฐบาล งวดวันที่ 16 มีนาคม 2535,2535,1218353,7,004|543|578|737,48,,,,,,,False,https://myhora.com/lottery/result-16-03-2535.aspx,1992-03-16-BE2535.html
1992-03-01,ผลสลากกินแบ่งรัฐบาล งวดวันที่ 1 มีนาคม 2535,2535,7291524,7,024|231|870|902,60,,,,,,,False,https://myhora.com/lottery/result-01-03-2535.aspx,1992-03-01-BE2535.html
1992-02-16,ผลสลากกินแบ่งรัฐบาล งวดวันที่ 16 กุมภาพันธ์ 2535,2535,1868701,7,349|599|641|849,94,,,,,,,False,https://myhora.com/lottery/result-16-02-2535.aspx,1992-02-16-BE2535.html
1992-02-01,ผลสลากกินแบ่งรัฐบาล งวดวันที่ 1 กุมภาพันธ์ 2535,2535,5986924,7,683|936|944|952,63,,,,,,,False,https://myhora.com/lottery/result-01-02-2535.aspx,1992-02-01-BE2535.html
1992-01-16,ผลสลากกินแบ่งรัฐบาล งวดวันที่ 16 มกราคม 2535,2535,1149428,7,034|132|543|672,18,,,,,,,False,https://myhora.com/lottery/result-16-01-2535.aspx,1992-01-16-BE2535.html
